Data,FC a riposo,HRV (rMSSD),Sonno (ore),Punteggio sonno,SpO2 (%),Peso (kg),Massa grassa (%),VO2max,Passi,Forma (CTL),Fatica (ATL)
2025-08-22,,,,,,84.349,27.8,36.0,,,
2025-08-23,61,,,,,85.139,27.8,36.0,16431,0.4,2.5
2025-08-24,63,27.0,,,97.0,84.58,27.9,36.0,17120,1.1,6.1
2025-08-25,56,,,,,84.29,28.3,36.0,17570,2.3,12.0
2025-08-26,57,15.0,,,,83.94,27.6,36.0,14654,2.2,10.4
2025-08-27,61,52.0,,,94.0,84.54,27.5,36.0,14946,2.2,9.0
2025-08-28,65,,,,,84.449,27.8,36.0,15967,3.2,13.7
2025-08-29,65,,,,,84.449,27.8,36.0,17753,3.1,11.9
2025-08-30,66,,,,,85.0,28.1,36.0,16034,3.0,10.3
2025-08-31,56,,,,,84.87,28.0,36.0,25106,4.4,17.0
2025-09-01,64,,,,,84.099,28.0,36.0,19202,5.3,20.8
2025-09-02,59,,,,,83.779,27.6,,9653,5.2,18.0
2025-09-03,62,32.0,,,97.0,84.08,27.8,36.0,15357,5.1,15.6
2025-09-04,58,64.0,,,95.0,83.87,27.7,36.0,15067,5.0,13.5
2025-09-05,58,,,,,83.889,27.3,,6045,4.9,11.7
2025-09-06,62,,,,,,,36.0,15713,4.7,10.2
2025-09-07,57,,,,,,,36.0,18484,4.6,8.8
2025-09-08,58,28.0,,,,82.91,27.7,36.0,13694,4.5,7.6
2025-09-09,57,,,,,82.15,27.3,,8621,4.4,6.6
2025-09-10,62,,,,,83.22,27.4,36.0,15487,5.5,12.3
2025-09-11,55,,,,,,,36.0,18101,6.3,15.8
2025-09-12,56,,,,,83.669,27.1,,9013,6.1,13.7
2025-09-13,56,,,,,83.75,27.2,36.0,17098,6.9,17.2
2025-09-14,57,16.0,,,94.0,83.11,27.3,36.0,15600,6.7,14.9
2025-09-15,58,,,,,83.099,27.6,36.0,16798,7.2,16.4
2025-09-16,60,20.0,,,,83.15,27.3,36.0,14063,8.1,20.3
2025-09-17,61,43.0,,,92.0,83.9,27.5,36.0,21769,8.1,18.7
2025-09-18,62,,,,,,,,13089,7.9,16.2
2025-09-19,59,,,,,82.949,27.2,36.0,17637,7.7,14.0
2025-09-20,63,,,,,81.879,27.3,36.0,17965,7.9,14.2
2025-09-21,60,24.0,,,94.0,82.37,27.0,36.0,16717,8.9,18.8
2025-09-22,60,22.0,,,94.0,83.36,27.5,36.0,16052,8.7,16.3
2025-09-23,57,,,,,83.23,27.1,36.0,14789,8.5,14.1
2025-09-24,62,,,,,82.69,27.5,36.0,18069,8.3,12.3
2025-09-25,53,,,,,82.72,27.1,37.0,16377,8.1,10.6
2025-09-26,55,,,,,82.669,27.2,37.0,14371,9.0,15.3
2025-09-27,58,,,,,83.55,27.5,37.0,15009,8.7,13.3
2025-09-28,62,,,,,83.559,27.3,37.0,17544,8.5,11.5
2025-09-29,64,,,,,82.47,26.8,,5218,8.3,10.0
2025-09-30,59,,,,,,,,9469,8.1,8.7
2025-10-01,60,,,,,82.209,27.1,,12847,7.9,7.5
2025-10-02,54,,,,,82.86,27.6,,6871,7.8,6.5
2025-10-03,55,,,,,82.309,27.4,,5669,7.6,5.6
2025-10-04,63,,,,,,,37.0,17341,7.4,4.9
2025-10-05,57,99.0,,,96.0,,,37.0,13877,7.2,4.2
2025-10-06,59,,,,,82.879,27.2,,3749,7.1,3.7
2025-10-07,62,,,,,82.389,27.0,37.0,,6.9,3.2
2025-10-08,62,,,,,82.97,27.2,,,6.7,2.8
2025-10-09,62,,,,,83.3,27.4,37.0,,7.1,5.6
2025-10-10,62,,,,,82.58,27.3,,,7.0,4.8
2025-10-11,107,28.0,,,92.0,82.23,27.5,37.0,,6.8,4.2
2025-10-12,,,,,,,,37.0,,7.3,7.5
2025-10-13,107,,,,,82.849,27.5,,,7.2,6.5
2025-10-14,107,,,,,83.199,27.4,37.0,,7.0,5.6
2025-10-15,117,16.0,,,,,,37.0,,6.8,4.9
2025-10-16,59,61.0,,,90.0,83.349,27.4,37.0,,7.7,10.4
2025-10-17,107,,,,,82.62,27.4,37.0,,7.6,9.0
2025-10-18,,,,,,83.209,27.0,37.0,,8.6,14.8
2025-10-19,,,,,,82.93,27.2,37.0,,8.6,13.7
2025-10-20,,,,,,82.97,27.3,37.0,,9.6,18.6
2025-10-21,50,,,,,82.809,27.2,37.0,6043,10.4,22.4
2025-10-22,53,,,,,82.47,27.3,37.0,11223,10.2,19.4
2025-10-23,107,,,,,82.129,27.4,37.0,,10.6,20.3
2025-10-24,107,,,,,82.599,27.6,37.0,,10.7,19.7
2025-10-26,,,,,,82.059,26.9,37.0,,10.6,17.2
2025-10-27,106,22.0,,,92.0,82.15,27.3,37.0,,10.4,14.9
2025-10-28,,,,,,81.529,27.1,38.0,,10.1,12.9
2025-10-29,,,,,,81.379,26.9,38.0,,10.2,12.7
2025-10-30,,,,,,81.94,27.3,38.0,,9.9,11.0
2025-10-31,107,,,,,81.529,26.7,,,9.7,9.5
2025-11-01,107,,,,,81.86,26.8,38.0,,9.7,9.9
2025-11-02,107,,,,,82.459,27.1,38.0,,9.5,8.5
2025-11-03,107,,,,,82.419,27.1,38.0,,9.3,7.4
2025-11-04,107,,,,,82.339,27.0,,,9.1,6.4
2025-11-05,107,,,,,82.01,26.9,,,8.9,5.6
2025-11-06,104,29.0,,,93.0,82.319,27.2,38.0,,8.9,6.3
2025-11-07,107,,,,,81.889,26.9,,,8.7,5.5
2025-11-09,107,,,,,82.779,27.4,38.0,,8.3,4.1
2025-11-10,107,,,,,82.26,27.5,38.0,,8.1,3.6
2025-11-11,107,,,,,81.62,27.4,,,7.9,3.1
2025-11-12,110,33.0,,,92.0,81.55,27.3,38.0,,7.7,2.7
2025-11-13,107,,,,,81.55,26.9,,,7.5,2.3
2025-11-14,107,,,,,82.029,26.7,,,7.4,2.0
2025-11-15,105,48.0,,,91.0,82.0,27.3,38.0,,7.4,2.9
2025-11-16,105,,,,,82.79,27.4,38.0,,7.2,2.5
2025-11-17,105,,,,,82.529,27.2,38.0,,7.1,2.2
2025-11-18,56,64.0,,,92.0,82.01,27.5,38.0,,7.1,3.4
2025-11-19,105,,,,,81.5,27.4,,,7.0,2.9
2025-11-20,105,,,,,81.139,27.1,,,6.8,2.5
2025-11-21,63,54.0,,,92.0,81.569,27.9,38.0,,6.8,3.1
2025-11-22,105,,,,,81.919,27.9,38.0,,7.0,4.6
2025-11-23,54,,,,,82.4,27.5,38.0,10846,6.8,4.0
2025-11-24,57,,,,,82.51,27.3,,7097,6.7,3.4
2025-11-25,54,,,,,82.69,27.4,,9293,6.5,4.6
2025-11-27,111,27.0,,,92.0,82.36,27.1,39.0,,6.2,3.4
2025-11-28,62,86.0,,,92.0,82.769,27.4,39.0,,6.8,7.1
2025-11-29,,,,,,,,39.0,,6.6,6.2
2025-11-30,57,,,,,82.349,26.8,39.0,4456,7.8,12.7
2025-12-01,56,,,,,82.68,27.3,39.0,17708,7.6,11.0
2025-12-02,54,,,,,82.69,27.3,38.0,16416,7.4,9.5
2025-12-03,105,,,,,82.22,27.3,,,7.2,8.3
2025-12-04,105,,,,,81.65,26.7,39.0,,7.1,7.3
2025-12-05,97,32.0,,,,82.23,27.2,39.0,,7.7,11.0
2025-12-06,105,,,,,82.08,27.4,39.0,,7.6,9.5
2025-12-07,98,39.0,,,94.0,82.44,26.8,39.0,,8.4,14.2
2025-12-08,101,23.0,,,93.0,82.5,27.0,39.0,,8.5,13.7
2025-12-09,105,,,,,82.54,26.9,,,8.3,11.9
2025-12-10,105,,,,,82.05,27.0,,,8.1,10.3
2025-12-11,105,,,,,82.519,27.2,39.0,,7.9,8.9
2025-12-12,105,,,,,82.01,27.4,,,7.7,7.7
2025-12-13,105,,,,,82.519,26.9,39.0,,8.1,9.9
2025-12-14,107,30.0,,,,82.26,27.2,39.0,,7.9,8.6
2025-12-15,105,,,,,81.5,27.7,,,7.7,7.4
2025-12-16,105,,,,,81.65,27.3,,,7.5,6.4
2025-12-17,105,,,,,81.519,27.0,39.0,,7.5,6.5
2025-12-18,,,,,,82.26,27.1,39.0,,7.4,5.8
2025-12-19,,,,,,82.319,27.3,,,7.2,5.0
2025-12-20,,,,,,81.69,26.9,,,7.0,4.3
2025-12-21,,,,,,82.389,27.2,39.0,,6.9,4.2
2025-12-22,,,,,,82.639,27.0,39.0,,6.9,4.4
2025-12-23,,,,,,,,39.0,,6.7,3.8
2025-12-24,,,,,,,,39.0,,6.6,3.3
2025-12-25,,,,,,,,39.0,,6.4,2.9
2025-12-26,,,,,,81.669,26.9,39.0,,6.9,6.0
2025-12-27,111,26.0,,,,82.139,27.1,39.0,,6.8,5.4
2025-12-28,111,,,,,81.699,27.3,39.0,,6.6,4.7
2025-12-30,111,,,,,81.709,27.0,39.0,,6.4,3.9
2025-12-31,,,,,,,,39.0,,6.2,3.4
2026-01-01,,,,,,,,39.0,,6.1,3.0
2026-01-02,,,,,,81.459,27.3,39.0,,5.9,2.6
2026-01-03,,,,,,,,39.0,,6.1,4.0
2026-01-04,66,66.0,,,93.0,82.16,26.9,39.0,,6.0,3.4
2026-01-05,65,70.0,,,97.0,81.459,,,,5.8,5.2
2026-01-06,65,53.0,,,91.0,81.98,27.1,39.0,,6.9,11.6
2026-01-07,,,,,,81.36,27.2,39.0,,8.0,16.8
2026-01-08,70,30.0,,,95.0,81.419,27.0,39.0,,8.5,18.7
2026-01-09,111,,,,,81.709,26.9,39.0,,8.3,16.2
2026-01-10,111,,,,,81.9,27.1,39.0,,8.1,14.1
2026-01-11,111,,,,,82.268,27.2,39.0,,7.9,12.2
2026-01-12,61,48.0,,,93.0,81.72,27.4,39.0,,8.3,13.9
2026-01-13,,,,,,81.808,26.7,39.0,,9.0,16.8
2026-01-14,68,37.0,,,93.0,81.87,26.9,39.0,,9.2,17.1
2026-01-15,69,57.0,,,96.0,81.44,26.8,39.0,,10.3,22.4
2026-01-16,,,,,,81.269,27.1,39.0,,10.1,19.5
2026-01-17,,,,,,81.44,26.6,39.0,,9.9,16.9
2026-01-18,111,22.0,,,93.0,80.93,26.6,39.0,,9.9,16.1
2026-01-19,,,,,,81.489,27.1,,,9.7,17.3
2026-01-20,68,43.0,,,92.0,80.949,26.7,39.0,,10.5,20.8
2026-01-22,68,53.0,,,95.0,81.72,,39.0,,10.4,17.9
2026-01-23,,,,,,,,39.0,,10.3,16.7
2026-01-24,,,,,,81.97,27.0,39.0,,10.1,16.4
2026-01-25,,,,,,82.15,27.1,39.0,,10.1,15.4
2026-01-26,,,,,,82.199,28.0,,,9.8,13.3
2026-01-27,,,,,,81.54,26.9,39.0,,9.6,11.6
2026-01-29,111,,,,,81.22,26.7,39.0,,9.2,12.0
2026-01-30,111,,,,,80.269,26.7,,,8.9,10.4
2026-01-31,111,,,,,80.739,26.6,39.0,,9.1,10.9
2026-02-01,,,,,,,,39.0,,8.8,9.5
2026-02-02,111,,,,,81.209,26.3,39.0,,8.7,8.5
2026-02-03,111,,,,,80.26,26.5,,,8.5,7.3
2026-02-04,111,,,,,79.98,26.2,39.0,,8.3,6.4
2026-02-05,111,,,,,80.76,25.8,39.0,,9.6,14.2
2026-02-06,,,,,,80.989,26.2,39.0,,9.4,12.3
2026-02-07,61,64.0,,,95.0,80.58,26.0,39.0,,9.6,13.0
2026-02-08,,,,,,,,39.0,,9.7,13.3
2026-02-09,61,,,,,80.5,26.8,39.0,,10.8,18.7
2026-02-10,61,,,,,80.139,26.7,,,10.5,16.2
2026-02-11,61,,,,,80.069,26.6,39.0,,10.3,14.1
2026-02-12,61,,,,,80.41,26.6,39.0,,11.3,19.3
2026-02-13,61,,,,,79.739,26.2,,,11.0,16.7
2026-02-14,,,,,,,,39.0,,10.9,15.4
2026-02-15,56,,,,,80.69,26.4,39.0,7097,11.9,20.7
2026-02-16,103,50.0,,,,80.559,26.4,39.0,17262,12.0,19.9
2026-02-17,61,58.0,,,94.0,,,,,11.7,17.3
2026-02-18,56,,,,,79.91,26.5,39.0,,12.9,23.4
2026-02-19,56,,,,,79.62,26.4,39.0,,13.6,25.8
2026-02-20,71,61.0,,,,79.9,26.6,39.0,,14.2,27.7
2026-02-21,67,28.0,,,96.0,80.919,26.3,39.0,,14.6,28.0
2026-02-22,56,,,,,80.639,26.1,39.0,,15.7,32.5
2026-02-23,56,,,,,80.419,26.3,39.0,,16.4,33.9
2026-02-24,70,43.0,,,95.0,80.26,26.1,39.0,,17.1,35.9
2026-02-25,56,,,,,79.919,26.1,39.0,,17.3,34.4
2026-02-26,56,,,,,80.25,26.5,39.0,,18.6,39.6
2026-02-27,56,,,,,80.519,26.2,39.0,,19.7,42.9
2026-02-28,56,,,,,80.069,26.2,39.0,,19.7,39.7
2026-03-01,64,57.0,,,92.0,80.019,26.4,39.0,12855,21.1,45.1
2026-03-02,54,,,,,80.47,26.4,39.0,17317,22.2,48.1
2026-03-03,54,,,,,79.569,26.4,,2672,21.7,41.7
2026-03-04,,,,,,,,39.0,,22.0,40.8
2026-03-05,56,,,,,80.25,26.0,39.0,,22.8,42.8
2026-03-06,56,,,,,79.949,26.1,,,22.3,37.1
2026-03-07,56,,,,,80.029,26.1,39.0,,23.0,39.2
2026-03-08,56,,,,,80.839,26.1,39.0,,23.4,39.3
2026-03-09,56,,,,,80.4,26.3,39.0,,24.5,43.3
2026-03-10,56,,,,,80.61,26.8,,,23.9,37.5
2026-03-11,56,,,,,80.559,26.6,,,23.3,32.5
2026-03-12,62,35.0,,,96.0,80.65,26.8,39.0,,23.5,32.1
2026-03-13,,,,,,,,39.0,,23.4,30.7
2026-03-14,56,,,,,80.0,26.6,39.0,,24.4,35.0
2026-03-15,109,21.0,,,91.0,80.4,26.3,39.0,,25.0,37.1
2026-03-16,73,49.0,,,,80.08,26.2,39.0,,25.2,37.0
2026-03-17,67,38.0,,,96.0,80.15,26.2,39.0,,25.7,37.8
2026-03-18,56,,,,,79.93,26.1,,,25.1,32.8
2026-03-19,56,,,,,80.41,26.3,39.0,,25.9,36.7
2026-03-20,56,,,,,80.18,25.9,,,25.3,31.8
2026-03-21,,,,,,80.22,26.3,39.0,,26.2,36.1
2026-03-22,,,,,,,,39.0,,26.8,38.2
2026-03-23,,,,,,79.599,26.8,39.0,,26.3,33.9
2026-03-24,,,,,,79.809,25.7,,,25.7,29.4
2026-03-25,,,,,,79.83,25.7,,,25.1,25.5
2026-03-26,104,31.0,,,94.0,79.65,26.1,39.0,,25.1,25.1
2026-03-27,,,,,,80.069,26.2,,,24.5,21.8
2026-03-29,,,,,,,,39.0,,24.1,20.8
2026-03-30,,,,,,79.98,26.2,39.0,,24.7,24.3
2026-03-31,,,,,,80.239,26.5,39.0,,25.2,27.2
2026-04-01,,,7.2,77.0,,,,,,24.6,23.5
2026-04-02,,,8.7,75.0,,79.98,26.2,39.0,,25.3,28.0
2026-04-03,,,5.9,42.0,,,,39.0,,25.2,26.7
2026-04-04,102,43.0,7.9,81.0,,,,39.0,,25.0,25.8
2026-04-05,,,7.3,47.0,,79.93,26.4,39.0,,26.0,31.0
2026-04-06,,,6.2,71.0,,79.91,26.2,39.0,,26.8,34.9
2026-04-07,,,3.1,37.0,,79.76,26.1,39.0,,27.0,35.3
2026-04-08,88,30.0,7.7,86.0,93.0,79.199,26.2,,,26.4,30.6
2026-04-09,,,6.3,41.0,,80.129,26.2,39.0,,26.9,32.8
2026-04-10,,,7.2,48.0,,79.199,26.2,,,26.3,28.4
2026-04-11,,,9.0,69.0,,79.349,26.3,39.0,,27.0,32.2
2026-04-12,,,6.8,64.0,,,,,,26.3,27.9
2026-04-13,,,7.7,49.0,,80.199,26.2,39.0,,27.0,31.5
2026-04-14,,,8.5,77.0,,79.819,26.2,39.0,,27.6,34.3
2026-04-15,,,7.5,77.0,,79.458,26.4,39.0,,28.1,36.3
2026-04-16,,,7.7,48.0,,79.62,26.4,39.0,,28.1,35.1
2026-04-17,,,7.6,82.0,,78.779,25.7,,,27.4,30.4
2026-04-18,77,32.0,7.1,46.0,93.0,79.12,26.2,39.0,,27.7,31.6
2026-04-19,70,41.0,7.8,57.0,93.0,,,,,27.1,27.4
2026-04-20,,,7.3,77.0,,79.879,26.6,39.0,,27.2,27.9
2026-04-21,69,42.0,6.5,63.0,93.0,79.08,26.1,,,26.5,24.1
2026-04-22,,,6.8,67.0,,78.9,25.7,,,25.9,20.9
2026-04-23,67,46.0,7.1,75.0,93.0,79.019,26.1,39.0,,26.3,24.0
2026-04-24,,,7.2,76.0,,79.489,26.3,,,25.7,20.8
2026-04-25,,,5.3,42.0,,79.87,26.0,39.0,,26.1,23.6
2026-04-26,,,8.7,83.0,,79.69,26.5,39.0,,26.6,26.9
2026-04-27,,,7.4,49.0,,79.589,26.2,39.0,,27.3,30.9
2026-04-28,60,80.0,8.1,49.0,96.0,78.86,25.2,,,26.7,26.8
2026-04-29,,,7.8,78.0,,79.3,25.8,39.0,,27.4,30.9
2026-04-30,,,7.4,44.0,,,,,,26.8,26.8
2026-05-01,,,7.8,82.0,,80.059,26.6,39.0,,26.7,26.2
2026-05-02,,,4.3,36.0,,80.0,26.6,39.0,,27.6,31.7
2026-05-03,61,42.0,8.2,64.0,97.0,,,39.0,,27.8,32.0
2026-05-04,,,7.7,76.0,,79.65,26.4,39.0,,28.4,35.2
2026-05-05,,,6.8,72.0,,79.599,26.4,39.0,,29.2,38.8
2026-05-06,,,6.7,63.0,,79.569,26.4,39.0,,29.0,36.4
2026-05-07,,,6.3,69.0,,78.989,25.3,,,28.4,31.6
2026-05-08,,,6.4,45.0,,80.11,26.2,39.0,,28.4,31.6
2026-05-09,,,9.1,75.0,,79.209,26.6,39.0,,29.0,34.2
2026-05-10,,,7.8,72.0,,79.29,26.5,39.0,,29.4,35.9
2026-05-11,68,66.0,6.9,63.0,92.0,80.169,26.6,39.0,,30.0,38.7
2026-05-12,,,7.0,65.0,,79.809,25.7,,,29.3,33.6
2026-05-13,,,7.0,48.0,,79.879,26.6,39.0,,29.6,34.7
2026-05-14,65,43.0,6.5,71.0,93.0,80.769,26.6,39.0,,28.9,30.1
2026-05-15,63,49.0,7.4,81.0,94.0,79.61,26.4,,,28.3,26.1
2026-05-16,,,7.7,49.0,,,,39.0,,27.6,22.6
2026-05-17,77,,5.5,54.0,,80.75,26.2,39.0,,26.9,19.6
2026-05-18,68,49.0,6.7,75.0,92.0,80.699,26.5,39.0,,26.3,17.0
2026-05-19,68,,6.6,77.0,,80.16,26.2,,,25.7,14.7
2026-05-20,68,,8.9,80.0,,79.8,26.1,,,25.1,12.8
2026-05-21,68,,7.8,68.0,,79.599,26.0,39.0,,24.5,11.1
2026-05-22,61,49.0,6.4,75.0,93.0,79.169,25.3,,,23.9,9.6
2026-05-23,64,50.0,6.7,75.0,96.0,80.36,25.9,39.0,,23.4,8.3
2026-05-24,68,,6.5,78.0,,79.879,26.2,39.0,,22.8,7.2
2026-05-25,59,49.0,6.6,70.0,93.0,79.65,26.3,39.0,,22.3,6.2
2026-05-26,68,,6.0,71.0,,79.0,25.7,,,21.7,5.4
2026-05-27,68,,6.0,73.0,,78.43,25.4,,,21.2,4.7
2026-05-28,68,,7.3,74.0,,79.339,26.0,39.0,,20.7,4.1
2026-05-29,67,80.0,5.9,71.0,98.0,77.959,26.6,,,20.2,3.5
2026-05-30,64,75.0,5.7,45.0,96.0,78.61,25.9,39.0,,19.8,3.1
2026-05-31,68,,7.2,70.0,,79.93,26.1,39.0,,20.1,7.0
2026-06-01,68,,6.4,64.0,,80.05,26.3,39.0,,19.6,6.1
2026-06-02,75,59.0,6.9,81.0,92.0,79.37,25.9,39.0,,19.1,5.3
2026-06-03,68,,6.9,75.0,,79.3,26.0,39.0,,18.7,4.6
2026-06-04,68,,7.0,79.0,,78.61,25.5,,,18.3,4.0
2026-06-05,93,33.0,7.2,68.0,93.0,78.47,25.1,,,17.8,3.4
2026-06-06,67,51.0,5.3,45.0,92.0,79.559,25.6,39.0,,17.4,3.0
2026-06-07,68,,5.6,43.0,,80.69,25.7,39.0,,17.0,2.6
2026-06-08,62,42.0,7.9,83.0,92.0,79.129,25.3,,,16.6,2.2
2026-06-09,68,,6.9,72.0,,79.51,25.5,39.0,,16.2,1.9
2026-06-10,68,,4.8,60.0,,78.26,25.2,,,15.8,1.7
2026-06-11,67,87.0,6.3,72.0,91.0,79.8,25.7,39.0,,15.5,1.5
2026-06-12,61,79.0,5.1,66.0,94.0,79.93,25.7,39.0,,15.1,1.3
2026-06-13,68,,7.0,79.0,,80.169,26.1,39.0,,14.7,1.1
2026-06-14,66,45.0,6.1,56.0,96.0,80.309,26.0,39.0,,14.4,1.0
2026-06-15,68,,5.8,47.0,,79.669,25.6,,,14.0,0.8
2026-06-16,66,41.0,4.8,43.0,97.0,79.639,25.2,,,13.7,0.7
2026-06-17,62,35.0,7.5,85.0,95.0,79.16,25.7,39.0,,13.4,0.6
2026-06-18,62,,6.1,56.0,,79.19,25.6,39.0,,13.1,0.5
2026-06-19,59,63.0,7.3,65.0,97.0,,,,,12.8,0.5
2026-06-20,62,,5.3,41.0,,78.129,24.9,,,12.5,0.4
2026-06-21,65,50.0,7.6,44.0,93.0,,,39.0,,12.2,0.4
2026-06-22,74,34.0,7.0,74.0,92.0,77.279,24.4,,,11.9,0.3
2026-06-23,69,34.0,5.9,69.0,96.0,78.37,24.2,,,11.6,0.3
2026-06-24,62,,5.2,65.0,,78.629,24.7,39.0,,11.3,0.2
2026-06-25,63,70.0,6.5,70.0,93.0,79.37,25.5,39.0,,11.1,0.2
2026-06-26,64,51.0,6.5,70.0,96.0,78.9,24.3,,,10.8,0.2
2026-06-27,82,32.0,6.7,60.0,95.0,79.15,25.8,39.0,,10.6,0.1
2026-06-28,,,7.2,72.0,,,,39.0,,11.7,7.9
2026-06-29,62,,6.9,80.0,,76.93,24.6,,,11.4,6.8
2026-06-30,62,,5.9,47.0,,78.099,25.6,39.0,,11.1,5.9
2026-07-01,62,,5.6,68.0,,77.58,25.5,39.0,,10.9,5.1
2026-07-02,62,,6.0,32.0,,78.22,25.3,39.0,,10.6,4.4
2026-07-03,62,,7.2,77.0,,78.62,25.5,39.0,,10.4,3.8
2026-07-04,62,,5.4,48.0,,77.779,25.0,,,10.1,3.3
2026-07-05,65,59.0,7.4,80.0,95.0,,,39.0,,9.9,2.9
2026-07-06,,,7.3,62.0,,,,39.0,,9.6,2.5
2026-07-07,62,,7.4,74.0,,77.79,24.4,,,9.4,2.2
2026-07-08,62,,7.1,71.0,,78.43,25.0,39.0,,9.2,1.9
2026-07-09,62,,6.7,58.0,,78.379,24.5,,,9.0,1.6
2026-07-10,,,6.8,76.0,,,,39.0,,8.8,1.4
2026-07-11,,,6.3,73.0,,,,,,8.6,1.2
2026-07-12,,,6.6,60.0,,,,,,8.4,1.1
2026-07-13,62,,6.3,53.0,,77.349,24.0,,,8.2,0.9
2026-07-14,,,6.8,46.0,,,,,,8.0,0.8
2026-07-15,63,35.0,6.6,71.0,96.0,78.419,25.4,39.0,,7.8,0.7
2026-07-16,,,5.4,52.0,,,,,,7.6,0.6
2026-07-17,,,7.3,78.0,,,,,,7.4,0.5
2026-07-18,63,46.0,4.9,43.0,96.0,,,,,7.3,0.5
2026-07-19,63,,8.0,62.0,,78.819,25.6,,,7.1,0.4
2026-07-20,,,6.1,56.0,,,,39.0,,6.9,0.3
2026-07-21,63,,6.3,73.0,,79.059,24.9,,,6.8,0.3
2026-07-22,63,,6.5,74.0,,78.91,25.7,39.0,,6.6,0.3
2026-07-23,,,8.3,85.0,,,,,,6.4,0.2
2026-07-24,63,,6.4,74.0,,78.459,24.5,,,6.3,0.2
2026-07-25,,,6.3,71.0,,,,,,6.1,0.2
2026-07-26,,,5.9,70.0,,,,,,6.0,0.1
2026-07-27,60,59.0,6.8,70.0,95.0,,,,,5.9,0.1
2026-07-28,63,,6.3,75.0,,77.68,25.5,,,5.7,0.1
2026-07-29,63,,6.2,50.0,,77.9,25.6,,,5.6,0.1
2026-07-30,63,,6.2,47.0,,77.86,24.7,,,5.4,0.1
2026-07-31,,,8.1,71.0,,,,,,5.3,0.1
2026-08-01,63,,6.4,50.0,,75.73,25.9,,,5.2,0.1
2026-08-02,,,3.7,36.0,,,,39.0,,5.1,0.1
2026-08-03,63,,7.4,76.0,,77.569,24.7,,,5.0,0.0
2026-08-04,,,6.7,60.0,,,,,,4.8,0.0
2026-08-05,63,,6.6,75.0,,77.8,25.3,,,4.7,0.0
2026-08-06,,,6.7,48.0,,,,39.0,,4.6,0.0
2026-08-07,63,,6.2,40.0,,77.839,24.7,,,4.5,0.0
2026-08-08,,,7.7,77.0,,,,,,4.4,0.0
2026-08-09,63,,6.3,50.0,,77.269,24.0,,,4.3,0.0
2026-08-10,,,6.5,43.0,,,,,,4.2,0.0
2026-08-11,,,5.9,44.0,,,,39.0,,5.4,7.5
2026-08-12,,,6.8,65.0,,77.48,24.6,,,6.2,11.5
2026-08-13,,,5.5,44.0,,,,39.0,,7.5,18.5
2026-08-14,,,7.7,79.0,,,,,,8.2,21.0
2026-08-15,,,6.6,74.0,,,,,,9.0,23.4
2026-08-16,,,6.4,76.0,,,,,,8.7,20.3
2026-08-17,,,6.8,70.0,,,,,,9.5,22.9
2026-08-18,,,7.4,72.0,,,,,,9.3,19.8
2026-08-19,,,5.5,45.0,,,,,,9.0,17.2
2026-08-20,,,7.0,67.0,,77.47,24.1,,,8.8,14.9
2026-08-21,,,5.1,46.0,,77.4,23.8,,,10.6,24.1
2026-08-22,,,5.8,71.0,,77.55,23.2,,,11.9,29.4
